Name,Team,IP,H,SO,BB,W,SV,ERA,playerid
Brad Wieck,CHC,17,10,28,10,0,0,0,16390
Kervin Castro,SFG,13.1,13,13,4,1,0,0,21656
Casey Sadler,SEA,40.1,19,37,10,0,0,0.67,11209
Nick Vincent,MIN,12.2,6,9,5,1,0,0.71,7555
David Phelps,TOR,10.1,8,15,4,0,0,0.87,6316
Aaron Loup,NYM,56.2,37,57,16,6,0,0.95,10343
Jacob deGrom,NYM,92,40,146,11,7,0,1.08,10954
Josh Hader,MIL,58.2,25,102,24,4,34,1.23,14212
Peter Solomon,HOU,14,10,10,8,1,0,1.29,20476
Art Warren,CIN,21,11,34,8,3,0,1.29,18251
Emmanuel Clase,CLE,69.2,51,74,16,4,24,1.29,21032
Ranger Suarez,PHI,106,73,107,33,8,4,1.36,17277
Ryan Brasier,BOS,12,12,9,4,1,0,1.5,5615
Dominic Leone,SFG,53.2,37,50,22,4,2,1.51,13763
Reiver Sanmartin,CIN,11.2,12,11,2,2,0,1.54,19754
Collin McHugh,TBR,64,48,74,12,6,1,1.55,7531
Joe Barlow,TEX,29,12,27,12,0,11,1.55,22296
Caleb Baragar,SFG,23,19,16,12,2,2,1.57,19231
Travis Bergen,TOR,10.2,5,6,8,2,0,1.69,18581
Drew Pomeranz,SDP,25.2,19,30,10,1,0,1.75,11426
Kendall Graveman,- - -,56,35,61,20,5,10,1.77,15514
Austin Warren,LAA,20.1,16,20,5,3,1,1.77,24937
Andrew Chafin,- - -,68.2,45,64,19,2,5,1.83,12988
Jimmy Nelson,LAD,29,14,44,13,1,0,1.86,10547
Andrew Kittredge,TBR,71.2,55,77,15,9,8,1.88,12828
Garrett Whitlock,BOS,73.1,64,81,17,8,2,1.96,20191
Luke Jackson,ATL,63.2,45,70,29,2,0,1.98,11752
Blake Treinen,LAD,72.1,46,85,25,6,7,1.99,12572
Drew Steckenrider,SEA,67.2,52,58,17,5,14,2,18806
Shane Baz,TBR,13.1,6,18,3,2,0,2.03,22264
Drew Hutchison,DET,21.1,20,10,11,3,0,2.11,10732
Jesse Chavez,ATL,33.2,22,36,11,3,0,2.14,5448
Tejay Antone,CIN,33.2,17,42,13,2,3,2.14,16233
Jordan Romano,TOR,63,41,85,25,7,23,2.14,16122
Chris Ellis,- - -,29.1,21,23,14,1,0,2.15,16125
Jonathan Loaisiga,NYY,70.2,56,69,16,9,5,2.17,19753
Kenley Jansen,LAD,69,36,86,36,4,38,2.22,3096
Tyler Rogers,SFG,81,74,55,13,7,13,2.22,15541
David Bednar,PIT,60.2,40,77,19,3,3,2.23,19569
Mark Melancon,SDP,64.2,54,59,25,4,39,2.23,4264
Ryan Pressly,HOU,64,49,81,13,5,26,2.25,7005
Alex Vesia,LAD,40,17,54,22,3,1,2.25,25007
Adam Cimber,- - -,71.2,61,51,16,3,1,2.26,15288
Craig Kimbrel,- - -,59.2,31,100,23,4,24,2.26,6655
Adam Conley,TBR,19.2,14,16,6,0,0,2.29,14457
Andre Jackson,LAD,11.2,10,10,6,0,1,2.31,21298
Louis Head,TBR,35,21,32,9,2,0,2.31,13259
Jose Alvarez,SFG,64.2,53,42,19,5,0,2.37,5358
Carlos Rodon,CHW,132.2,91,185,36,13,0,2.37,16137
Ryan Thompson,TBR,34,26,37,9,3,0,2.38,16647
Drew Smith,NYM,41.1,28,41,16,3,0,2.4,17755
Scott Barlow,KCR,74.1,61,91,28,5,16,2.42,14993
Corbin Burnes,MIL,167,123,234,34,11,0,2.43,19361
Corey Knebel,LAD,25.2,16,30,9,4,3,2.45,15010
Ryan Burr,CHW,36.2,28,33,21,2,0,2.45,17536
Max Scherzer,- - -,179.1,119,236,36,15,0,2.46,3137
Walker Buehler,LAD,207.2,149,212,52,16,0,2.47,19374
Juan Minaya,MIN,40,27,43,20,2,0,2.48,10341
Kodi Whitley,STL,25.1,15,27,12,0,0,2.49,19731
Devin Williams,MIL,54,36,87,28,8,3,2.5,15816
Luis Cessa,- - -,64.2,55,54,19,5,0,2.51,13345
Danny Duffy,KCR,61,52,65,22,4,0,2.51,3542
JT Chargois,- - -,53.2,38,53,20,6,0,2.52,13767
Liam Hendriks,CHW,71,45,113,7,8,38,2.54,3548
Kent Emanuel,HOU,17.2,12,13,4,1,0,2.55,15849
Brandon Woodruff,MIL,179.1,130,211,43,9,0,2.56,16162
T.J. McFarland,STL,38.2,32,21,9,4,0,2.56,3237
Raisel Iglesias,LAA,70,53,103,12,7,34,2.57,17130
Tyler Matzek,ATL,63,40,77,37,0,0,2.57,10058
Dillon Maples,CHC,31.1,15,40,25,1,0,2.59,14672
Trevor Bauer,LAD,107.2,71,137,37,8,0,2.59,12703
Hunter Strickland,- - -,58.2,46,58,22,3,0,2.61,7836
Jason Foley,DET,10.1,8,6,5,0,0,2.61,19531
Jarlin Garcia,SFG,68.2,48,68,18,6,1,2.62,18282
Trevor Rogers,MIA,133,107,157,46,7,0,2.64,22286
Tyler Glasnow,TBR,88,55,123,27,5,0,2.66,14374
Domingo Tapia,- - -,33.2,25,26,15,4,0,2.67,12178
Lance Lynn,CHW,157,123,176,45,11,0,2.69,2520
Jake Cousins,MIL,30,16,44,19,1,0,2.7,21620
Cole Sulser,BAL,63.1,48,73,23,5,8,2.7,15256
Jake McGee,SFG,59.2,44,58,10,3,31,2.72,7550
J.P. Feyereisen,- - -,56,36,53,33,4,3,2.73,16610
Lucas Luetge,NYY,72.1,67,78,15,4,1,2.74,8337
Dustin May,LAD,23,16,35,6,1,0,2.74,19716
Steven Okert,MIA,36,22,40,15,3,0,2.75,13580
Diego Castillo,- - -,58.1,40,75,17,5,16,2.78,17496
Zack Wheeler,PHI,213.1,169,247,46,14,0,2.78,10310
Anthony Bender,MIA,61.1,45,71,20,3,3,2.79,19742
Ryan Tepera,- - -,61.1,35,74,19,0,2,2.79,10291
Adrian Sampson,CHC,35.1,30,28,8,1,0,2.8,13339
Phil Bickford,- - -,51.1,36,59,19,4,1,2.81,18519
Freddy Peralta,MIL,144.1,84,195,56,10,0,2.81,18679
Kevin Gausman,SFG,192,150,227,50,14,0,2.81,14107
Dylan Floro,MIA,64,53,62,25,6,15,2.81,13394
Garrett Crochet,CHW,54.1,42,65,27,3,0,2.82,27463
Dietrich Enns,TBR,22.1,17,25,6,2,2,2.82,13932
Robbie Ray,TOR,193.1,150,248,53,13,0,2.84,11486
Drew Rasmussen,- - -,76,57,73,25,4,1,2.84,25385
Joe Kelly,LAD,44,28,50,15,2,2,2.86,9761
Josh Staumont,KCR,65.2,43,72,27,4,5,2.88,18335
Spencer Turnbull,DET,50,37,44,12,4,0,2.88,16207
Cal Quantrill,CLE,149.2,129,121,47,8,0,2.89,19312
Justin Bruihl,LAD,18.2,13,11,7,0,0,2.89,23779
Nestor Cortes,NYY,93,75,103,25,2,0,2.9,17874
Tony Santillan,CIN,43.1,34,56,21,1,0,2.91,19926
Kyle Tyler,LAA,12.1,8,6,6,0,0,2.92,22092
Zack Littell,SFG,61.2,46,63,24,4,2,2.92,15823
Scott Alexander,LAD,15.1,15,8,4,0,0,2.93,10591
Richard Rodriguez,- - -,64.1,50,42,10,5,14,2.94,13549
Nick Sandlin,CLE,33.2,21,48,17,1,0,2.94,20517
Richard Bleier,MIA,58,51,44,6,3,0,2.95,7803
Julio Urias,LAD,185.2,151,195,38,20,0,2.96,14765
Michael Fulmer,DET,69.2,69,73,20,5,14,2.97,13218
Noe Ramirez,- - -,36,23,29,12,0,1,3,12800
Camilo Doval,SFG,27,19,37,9,5,3,3,21992
Garrett Cleavinger,LAD,18,20,21,12,2,0,3,17897
Marcus Stroman,NYM,179,161,158,44,10,0,3.02,13431
Giovanny Gallegos,STL,80.1,51,95,20,6,14,3.02,14986
Logan Webb,SFG,148.1,128,158,36,11,0,3.03,17995
Max Fried,ATL,165.2,139,158,41,14,0,3.04,13743
Jose Ruiz,CHW,65,51,63,25,1,0,3.05,14552
Adam Wainwright,STL,206.1,168,174,50,17,0,3.05,2233
Aaron Sanchez,SFG,35.1,32,26,15,1,0,3.06,11490
Craig Stammen,SDP,88.1,79,83,13,6,1,3.06,7274
Hirokazu Sawamura,BOS,53,45,61,32,5,0,3.06,27515
Paul Sewald,SEA,64.2,42,104,24,10,11,3.06,13892
Pablo Lopez,MIA,102.2,89,115,26,5,0,3.07,17085
Luis Gil,NYY,29.1,20,38,19,1,0,3.07,21052
Brent Suter,MIL,73.1,72,69,24,12,1,3.07,13942
Wily Peralta,DET,93.2,87,58,38,4,0,3.07,7738
Blake Parker,CLE,43.2,43,37,14,2,0,3.09,5224
Chad Green,NYY,83.2,57,99,17,10,6,3.12,15552
Robert Stephenson,COL,46,42,52,18,2,1,3.13,13594
Framber Valdez,HOU,134.2,110,125,58,11,0,3.14,17295
Chris Bassitt,OAK,157.1,127,159,39,12,0,3.15,12304
Tyler Gilbert,ARI,40,28,25,13,2,0,3.15,17964
Lance McCullers Jr.,HOU,162.1,122,185,76,13,0,3.16,14120
Chris Sale,BOS,42.2,45,52,12,5,0,3.16,10603
Blake Taylor,HOU,42.2,38,41,22,4,0,3.16,16418
Shane Bieber,CLE,96.2,84,134,33,7,0,3.17,19427
Anthony DeSclafani,SFG,167.2,141,152,42,13,0,3.17,13050
Joe Musgrove,SDP,181.1,142,203,54,11,0,3.18,12970
Shohei Ohtani,LAA,130.1,98,156,44,9,0,3.18,19755
Lou Trivino,OAK,73.2,58,67,34,7,22,3.18,15043
Tyler Duffey,MIN,62.1,48,61,28,3,3,3.18,13758
Brett Martin,TEX,62.1,67,42,14,4,0,3.18,17369
Eric Lauer,MIL,118.2,94,117,41,7,0,3.19,19316
Sandy Alcantara,MIA,205.2,171,201,50,9,0,3.19,18684
Ian Kennedy,- - -,56.1,45,62,17,3,26,3.2,6986
Chasen Shreve,PIT,56.1,43,45,28,3,0,3.2,10855
Tyler Clippard,ARI,25.1,22,21,11,1,6,3.2,5640
Jack Flaherty,STL,78.1,57,85,26,9,0,3.22,17479
Pierce Johnson,SDP,58.2,47,77,27,3,0,3.22,13435
Alek Manoah,TOR,111.2,77,127,40,9,0,3.22,26410
Adrian Houser,MIL,142.1,118,105,64,10,0,3.22,12718
Gerrit Cole,NYY,181.1,151,243,41,16,0,3.23,13125
Tony Gonsolin,LAD,55.2,41,65,34,4,0,3.23,19388
Caleb Thielbar,MIN,64,55,77,20,7,0,3.23,10078
Alex Reyes,STL,72.1,46,95,52,10,29,3.24,15015
Zach Thompson,MIA,75,63,66,28,3,0,3.24,16094
Luis Garcia,STL,33.1,25,34,8,1,2,3.24,6984
Drew Anderson,TEX,22,20,9,6,1,0,3.27,15130
Domingo Acevedo,OAK,11,9,9,4,0,0,3.27,17092
Josh Rogers,WSN,35.2,32,22,14,2,0,3.28,18510
Luis Garcia,HOU,155.1,132,167,50,11,0,3.3,23735
Daniel Hudson,- - -,51.2,40,75,16,5,0,3.31,7146
Erik Swanson,SEA,35.1,28,35,10,0,1,3.31,16587
Brad Boxberger,MIL,64.2,44,83,25,5,4,3.34,10133
Charlie Morton,ATL,185.2,136,216,58,14,0,3.34,4676
Taylor Rogers,MIN,40.1,38,59,8,2,9,3.35,13449
Mychal Givens,- - -,51,43,54,27,4,8,3.35,10430
Wandy Peralta,- - -,51,49,43,21,5,5,3.35,14295
Aroldis Chapman,NYY,56.1,36,97,38,6,30,3.36,10233
Wade Miley,CIN,163,166,125,50,12,0,3.37,8779
Frankie Montas,OAK,187,164,207,57,13,0,3.37,14309
Evan Phillips,- - -,13.1,11,11,5,1,1,3.38,17734
Jordan Sheffield,COL,29.1,19,20,13,0,0,3.38,19682
Lucas Gilbreath,COL,42.2,33,44,23,3,1,3.38,21290
Keegan Thompson,CHC,53.1,48,55,31,3,1,3.38,19795
Darren O'Day,NYY,10.2,9,11,4,0,0,3.38,3321
Darwinzon Hernandez,BOS,40,29,54,31,2,0,3.38,19848
Gregory Soto,DET,63.2,46,76,40,6,18,3.39,19677
Tim Mayza,TOR,53,40,57,12,5,1,3.4,15042
Joel Payamps,- - -,50.1,44,38,14,1,0,3.4,14332
Josh Taylor,BOS,47.2,45,60,23,1,1,3.4,17359
Joe Mantiply,ARI,39.2,45,38,17,0,0,3.4,14857
Hector Santiago,SEA,26.1,27,30,11,1,0,3.42,4026
Ryne Stanek,HOU,68.1,46,83,37,3,2,3.42,15947
Kyle Funkhouser,DET,68.1,58,63,38,7,1,3.42,19456
Steve Cishek,LAA,68.1,61,64,41,0,0,3.42,6483
Jeffrey Springs,TBR,44.2,35,63,14,5,2,3.43,17677
Shane McClanahan,TBR,123.1,120,141,37,10,0,3.43,21483
Reynaldo Lopez,CHW,57.2,42,55,13,4,0,3.43,16400
Connor Brogdon,PHI,57.2,47,50,18,5,1,3.43,21205
Jandel Gustave,MIL,18.1,15,13,5,1,0,3.44,14665
Will Smith,ATL,68,49,87,28,3,37,3.44,8048
Edwin Diaz,NYM,62.2,43,89,23,5,32,3.45,14710
John Curtiss,- - -,44.1,42,44,12,3,0,3.45,16128
Miguel Castro,NYM,70.1,48,77,43,3,0,3.45,15684
Kwang-hyun Kim,STL,106.2,98,80,39,7,1,3.46,27458
Corey Oswalt,NYM,10.1,12,10,2,1,0,3.48,13677
Sam Moll,OAK,10.1,8,8,5,0,0,3.48,14874
Richard Lovelady,KCR,20.2,16,23,6,2,1,3.48,19337
Bryan Shaw,CLE,77.1,69,71,38,6,2,3.49,8110
Seth Lugo,NYM,46.1,41,55,19,4,1,3.5,12447
Trevor Richards,- - -,64.1,40,78,22,7,1,3.5,19309
Michael Kopech,CHW,69.1,54,103,24,4,0,3.5,17282
Aaron Bummer,CHW,56.1,42,75,29,5,2,3.51,16258
Jose Berrios,- - -,192,159,204,45,12,0,3.52,14168
Tanner Houck,BOS,69,57,87,21,1,1,3.52,19879
Jharel Cotton,TEX,30.2,28,30,15,2,0,3.52,13654
John King,TEX,46,41,40,12,7,0,3.52,22051
Lucas Giolito,CHW,178.2,145,201,52,11,0,3.53,15474
Andres Machado,WSN,35.2,30,30,15,1,0,3.53,14681
Kyle Finnegan,WSN,66,64,68,34,5,11,3.55,15009
Clayton Kershaw,LAD,121.2,103,144,21,10,0,3.55,2036
Michael King,NYY,63.1,57,62,24,2,0,3.55,19853
Cristian Javier,HOU,101.1,67,130,53,4,2,3.55,17606
Ralph Garza,- - -,30.1,24,29,14,1,1,3.56,17682
Victor Gonzalez,LAD,35.1,32,33,19,3,1,3.57,16408
Ian Anderson,ATL,128.1,105,124,53,9,0,3.58,19951
Pete Fairbanks,TBR,42.2,40,56,21,3,5,3.59,17998
Edgar Santana,ATL,42.2,37,33,12,3,0,3.59,17355
Trevor May,NYM,62.2,55,83,24,7,4,3.59,6398
Tucker Davidson,ATL,20,15,18,8,0,0,3.6,19871
Daulton Jefferies,OAK,15,11,8,4,1,0,3.6,19345
Clay Holmes,- - -,70,53,78,29,8,0,3.6,13649
Jake Reed,- - -,10,10,10,2,0,0,3.6,16209
Chris Flexen,SEA,179.2,185,125,40,14,0,3.61,13896
Jose Urquidy,HOU,107,87,90,19,8,0,3.62,18413
Tim Hill,SDP,59.2,51,56,23,6,1,3.62,16814
John Means,BAL,146.2,125,134,26,6,0,3.62,16269
Patrick Sandoval,LAA,87,69,94,36,3,1,3.62,19447
Michael Pineda,MIN,109.1,114,88,21,9,0,3.62,5372
Chris Stratton,PIT,79.1,70,86,33,7,8,3.63,13761
Hector Neris,PHI,74.1,55,98,32,4,12,3.63,11804
Chris Rodriguez,LAA,29.2,28,29,15,2,0,3.64,22310
Miguel Diaz,SDP,42,31,46,19,3,1,3.64,18815
Jose Cisnero,DET,61.2,51,62,31,4,4,3.65,6399
Jake Brentz,KCR,64,45,76,37,5,2,3.66,17783
Mitch White,LAD,46.2,38,49,17,1,0,3.66,19225
Danny Coulombe,MIN,34.1,35,33,7,3,0,3.67,13293
Carlos Hernandez,KCR,85.2,69,74,41,6,0,3.68,22713
Scott Effross,CHC,14.2,13,18,1,2,0,3.68,18384
Matt Wisler,- - -,48.2,41,62,11,3,1,3.7,12804
Archie Bradley,PHI,51,51,40,22,7,2,3.71,12918
Kyle Gibson,- - -,182,158,155,64,10,0,3.71,10123
Casey Mize,DET,150.1,130,118,41,7,0,3.71,20492
Dillon Peters,PIT,26.2,26,23,10,1,0,3.71,18790
Genesis Cabrera,STL,70,52,77,36,4,0,3.73,17490
Jay Jackson,SFG,21.2,15,28,12,2,0,3.74,7432
Tyler Mahle,CIN,180,158,210,64,13,0,3.75,16358
Nathan Eovaldi,BOS,182.1,182,195,35,11,0,3.75,9132
Jose Suarez,LAA,98.1,85,85,36,8,0,3.75,19911
Justin Dunn,SEA,50.1,37,49,29,1,0,3.75,19268
Alex Cobb,LAA,93.1,85,98,33,8,0,3.76,6562
Nabil Crismatt,SDP,81.1,87,71,24,3,0,3.76,17732
Robert Gsellman,NYM,28.2,27,17,7,0,0,3.77,13696
A.J. Minter,ATL,52.1,44,57,20,3,0,3.78,18655
Matt Barnes,BOS,54.2,41,84,20,6,24,3.79,12863
Tyler Alexander,DET,106.1,106,87,28,2,0,3.81,17735
Anthony Bass,MIA,61.1,55,58,24,3,0,3.82,7982
Steven Matz,TOR,150.2,158,144,43,14,0,3.82,13361
Corey Kluber,NYY,80,74,82,33,5,0,3.83,2429
Spencer Patton,TEX,42.1,36,48,15,2,2,3.83,12361
Alex Wood,SFG,138.2,125,152,39,10,0,3.83,13781
Jordan Montgomery,NYY,157.1,150,162,51,6,0,3.83,16511
Aaron Civale,CLE,124.1,108,99,31,12,0,3.84,19479
Mike Mayers,LAA,75,71,90,26,5,2,3.84,15451
Conner Menez,SFG,14,16,15,3,1,0,3.86,19199
Rich Hill,- - -,158.2,137,150,55,7,0,3.86,4806
Janson Junk,LAA,16.1,20,10,2,0,0,3.86,23301
Jake Diekman,OAK,60.2,47,83,34,3,7,3.86,5003
Matthew Boyd,DET,78.2,77,67,23,3,0,3.89,15440
Brad Hand,- - -,64.2,56,61,26,6,21,3.9,9111
Yohan Ramirez,SEA,27.2,18,35,12,1,2,3.9,19444
Dylan Cease,CHW,165.2,139,226,68,13,0,3.91,18525
Sean Manaea,OAK,179.1,179,194,41,11,0,3.91,15873
Jorge Alcala,MIN,59.2,45,61,13,3,1,3.92,19459
Yusmeiro Petit,OAK,78,69,37,12,8,2,3.92,4020
Tony Watson,- - -,57.1,40,44,18,7,0,3.92,3132
Jeurys Familia,NYM,59.1,57,72,27,9,1,3.94,5114
Chris Martin,ATL,43.1,49,33,6,2,1,3.95,11847
Marco Gonzales,SEA,143.1,125,108,42,10,0,3.96,15467
Josh Sborz,TEX,59,52,69,32,4,1,3.97,18323
Luis Castillo,CIN,187.2,181,192,75,8,0,3.98,15689
Jake Woodford,STL,67.2,66,50,25,3,0,3.99,18674
Jordan Holloway,MIA,36,23,36,26,2,0,4,20631
Mason Thompson,- - -,24.2,32,23,15,1,0,4.01,21850
David Price,LAD,73.2,79,58,26,5,1,4.03,3184
Ryne Harper,WSN,35.2,28,31,14,0,0,4.04,12680
Alex Lange,DET,35.2,37,39,16,1,1,4.04,19883
Sam Coonrod,PHI,42.1,41,48,15,2,2,4.04,17264
Joe Ryan,MIN,26.2,16,30,5,2,0,4.05,21390
Huascar Ynoa,ATL,91,76,100,25,4,0,4.05,20468
James Karinchak,CLE,55.1,35,78,32,7,11,4.07,20151
James Kaprielian,OAK,119.1,105,123,41,8,0,4.07,18331
Johnny Cueto,SFG,114.2,127,98,30,7,0,4.08,6893
John Gant,- - -,110,95,92,71,5,0,4.09,13684
Austin Adams,SDP,52.2,28,76,35,3,0,4.1,13801
Tyler Wells,BAL,57,40,65,12,2,4,4.11,20000
Deolis Guerra,OAK,65.2,53,62,20,4,0,4.11,8410
Zach Pop,MIA,54.2,54,51,24,1,0,4.12,20185
Jhonathan Diaz,LAA,13,11,9,7,1,0,4.15,20298
Alex Colome,MIN,65,68,58,23,4,17,4.15,6661
Miguel Sanchez,MIL,26,27,23,14,2,0,4.15,20074
Zack Greinke,HOU,171,164,120,36,11,0,4.16,1943
Joe Ross,WSN,108,98,109,34,5,0,4.17,12972
Kyle Muller,ATL,36.2,26,37,20,2,0,4.17,20167
Zach Eflin,PHI,105.2,116,99,16,4,0,4.17,13774
Elieser Hernandez,MIA,51.2,54,53,14,1,0,4.18,16933
Sonny Gray,CIN,135.1,115,155,50,7,0,4.19,12768
Bailey Ober,MIN,92.1,92,96,19,3,0,4.19,21224
Ashton Goudeau,- - -,34.1,24,22,17,2,0,4.19,15139
Jacob Webb,ATL,34.1,38,33,14,5,1,4.19,19274
Blake Snell,SDP,128.2,101,170,69,7,0,4.2,13543
Jimmie Sherfy,- - -,15,12,12,4,2,0,4.2,15118
Nate Pearson,TOR,15,14,20,12,1,0,4.2,20160
Derek Law,MIN,15,16,14,8,0,0,4.2,13133
Kyle McGowin,WSN,30,21,35,14,0,0,4.2,15071
Jose Alvarado,PHI,55.2,42,68,47,7,5,4.2,17780
Adam Ottavino,BOS,62,55,71,35,7,11,4.21,1247
Jake Odorizzi,HOU,104.2,97,91,34,6,0,4.21,6397
Yimi Garcia,- - -,57.2,49,60,18,4,15,4.21,12095
Brett Anderson,MIL,96,102,58,28,4,0,4.22,8223
Yu Darvish,SDP,166.1,138,199,44,8,0,4.22,13074
Miles Mikolas,STL,44.2,43,31,11,2,0,4.23,9803
Cole Irvin,OAK,178.1,195,125,42,10,0,4.24,19244
Luke Weaver,ARI,65.2,58,62,20,3,0,4.25,16918
Justin Steele,CHC,57,50,59,27,4,0,4.26,17312
Adam Morgan,CHC,25.1,22,28,12,2,2,4.26,12580
Paolo Espino,WSN,109.2,108,92,25,5,1,4.27,8246
Anthony Banda,- - -,33.2,39,32,13,2,0,4.28,14706
Codi Heuer,- - -,67.1,65,56,23,7,2,4.28,23293
Yacksel Rios,- - -,27.1,18,23,16,3,0,4.28,15007
Dennis Santana,- - -,54.2,48,46,32,2,0,4.28,17878
Zac Gallen,ARI,121.1,108,139,49,4,0,4.3,19291
Jameson Taillon,NYY,144.1,130,140,44,8,0,4.3,11674
Rowan Wick,CHC,23,17,29,14,0,5,4.3,14646
Luis Patino,TBR,77.1,69,74,29,5,0,4.31,22815
Kyle Freeland,COL,120.2,133,105,38,7,0,4.33,16256
J.B. Wendelken,- - -,43.2,44,39,22,4,2,4.33,14506
Duane Underwood Jr.,PIT,72.2,77,65,27,2,0,4.33,14677
Jhoulys Chacin,COL,64.1,53,47,28,3,0,4.34,2608
Tarik Skubal,DET,149.1,141,164,47,8,0,4.34,22267
Ian Krol,DET,18.2,23,18,8,0,0,4.34,10066
Taylor Widener,ARI,70.1,65,73,37,2,0,4.35,19266
Trevor Williams,- - -,91,105,90,31,4,0,4.35,16977
Hyun-Jin Ryu,TOR,169,170,143,37,14,0,4.37,14444
Carlos Estevez,COL,61.2,71,60,21,3,11,4.38,14542
Sean Nolin,WSN,26.2,32,20,13,0,0,4.39,11341
Dillon Tate,BAL,67.2,61,49,23,0,3,4.39,17796
German Marquez,COL,180,165,176,64,12,0,4.4,15038
Dinelson Lamet,SDP,47,48,57,22,2,0,4.4,17186
Lucas Sims,CIN,47,34,76,18,5,7,4.4,13470
Trevor Stephan,CLE,63.1,58,75,31,3,1,4.41,19932
Wade LeBlanc,- - -,49,56,29,17,0,0,4.41,5221
Yusei Kikuchi,SEA,157,145,163,62,7,0,4.41,20633
Antonio Senzatela,COL,156.2,178,105,32,4,0,4.42,15488
Kris Bubic,KCR,130,121,114,59,6,0,4.43,21455
Hansel Robles,- - -,69,58,76,37,3,14,4.43,11801
Kyle Crick,PIT,24.1,14,21,19,1,0,4.44,13182
Merrill Kelly,ARI,158,163,130,41,7,0,4.44,11156
Joey Lucchesi,NYM,38.1,34,41,11,1,0,4.46,19320
Taijuan Walker,NYM,159,133,146,55,7,0,4.47,11836
Drew Smyly,ATL,126.2,133,117,41,11,0,4.48,11760
David Robertson,TBR,12,11,16,4,0,0,4.5,8241
Touki Toussaint,ATL,50,43,48,22,3,0,4.5,16929
Brandon Bielak,HOU,50,48,46,21,3,1,4.5,19866
Marcos Diplan,BAL,30,22,24,15,2,0,4.5,17583
Dane Dunning,TEX,117.2,126,114,43,5,0,4.51,19409
Tylor Megill,NYM,89.2,88,99,27,4,0,4.52,21318
Austin Gomber,COL,115.1,102,113,41,9,0,4.53,16561
Tyler Anderson,- - -,167,170,134,38,7,0,4.53,12880
Nick Pivetta,BOS,155,137,175,65,9,1,4.53,15454
Sean Doolittle,- - -,49.2,50,53,23,3,1,4.53,1581
Nick Neidert,MIA,35.2,31,21,23,1,0,4.54,18699
Aaron Ashby,MIL,31.2,25,39,12,3,1,4.55,23550
Tayler Saucedo,TOR,25.2,22,19,10,0,0,4.56,17888
Jose Quijada,LAA,25.2,20,38,15,0,0,4.56,19200
Jeff Hoffman,CIN,73,70,79,45,3,0,4.56,17432
Ryan Helsley,STL,47.1,40,47,27,6,1,4.56,18138
Stephen Strasburg,WSN,21.2,16,21,14,1,0,4.57,10131
Domingo German,NYY,98.1,89,98,27,4,0,4.58,17149
Adbert Alzolay,CHC,125.2,112,128,34,5,1,4.58,17859
Brusdar Graterol,LAD,33.1,34,27,13,3,0,4.59,20367
Jon Gray,COL,149,140,157,58,8,0,4.59,14916
Jaime Barria,LAA,56.2,70,35,19,2,0,4.61,18356
Chris Mazza,TBR,27.1,26,21,7,0,1,4.61,14151
Anthony Misiewicz,SEA,54.2,61,53,15,5,0,4.61,18152
Taylor Williams,- - -,11.2,12,9,8,0,0,4.63,14899
Seth Elledge,STL,11.2,13,11,7,0,0,4.63,19766
Aaron Nola,PHI,180.2,165,223,39,9,0,4.63,16149
Ross Detwiler,- - -,52.1,44,62,20,3,0,4.64,2859
Kenta Maeda,MIN,106.1,106,113,32,6,0,4.66,18498
Chris Archer,TBR,19.1,18,21,8,1,0,4.66,6345
Taylor Hearn,TEX,104.1,96,92,42,6,0,4.66,18325
Joely Rodriguez,- - -,46.1,53,47,18,2,1,4.66,11487
Zach Plesac,CLE,142.2,137,100,34,10,0,4.67,19979
Sergio Romo,OAK,61.2,56,60,21,1,3,4.67,9817
Madison Bumgarner,ARI,146.1,134,124,39,7,0,4.67,5524
Logan Gilbert,SEA,119.1,112,128,28,6,0,4.68,22250
Ervin Santana,KCR,65.1,65,52,22,2,0,4.68,3200
Lewis Thorpe,MIN,15.1,14,6,7,0,0,4.7,15906
Connor Overton,- - -,15.1,14,15,5,0,0,4.7,18376
A.J. Alexy,TEX,23,13,17,17,3,0,4.7,22343
Justin Garza,CLE,28.2,27,29,18,2,0,4.71,19784
Jon Lester,- - -,141.1,159,91,55,7,0,4.71,4930
Phil Maton,- - -,66.2,64,85,32,6,0,4.73,18064
Sean Newcomb,ATL,32.1,28,43,27,2,1,4.73,16943
Tyler Kinley,COL,70.1,59,68,26,3,0,4.73,18297
Vladimir Gutierrez,CIN,114,115,88,46,9,0,4.74,19278
Martin Perez,BOS,114,136,97,36,7,0,4.74,6902
Eduardo Rodriguez,BOS,157.2,172,185,47,13,0,4.74,13164
Luke Farrell,MIN,24.2,28,25,13,1,0,4.74,15101
Anthony Castro,TOR,24.2,23,32,8,1,1,4.74,19789
Andrew Miller,STL,36,41,40,16,0,0,4.75,6785
Antonio Santos,COL,11.1,9,10,5,0,0,4.76,20383
Kyle Hendricks,CHC,181,200,131,44,14,0,4.77,12049
Trent Thornton,TOR,49,54,52,16,1,0,4.78,17948
Brooks Raley,HOU,49,43,65,16,2,2,4.78,10061
Ross Stripling,TOR,101.1,99,94,30,5,0,4.8,13273
Chad Kuhl,PIT,80.1,73,75,42,5,0,4.82,14975
Jimmy Herget,- - -,18.2,20,20,4,2,0,4.82,17556
Caleb Smith,ARI,113.2,93,124,63,4,0,4.83,14875
Emilio Pagan,SDP,63.1,56,69,18,4,0,4.83,14771
Julian Merryweather,TOR,13,13,12,4,0,2,4.85,16703
Greg Holland,KCR,55.2,49,53,26,3,8,4.85,7196
Daniel Castano,MIA,20.1,22,13,8,0,0,4.87,19805
Garrett Richards,BOS,136.2,158,115,60,7,3,4.87,9784
Matt Peacock,ARI,86.1,107,50,28,5,0,4.9,20339
Brady Singer,KCR,128.1,146,131,53,5,0,4.91,25377
Jon Heasley,KCR,14.2,15,6,3,1,0,4.91,22224
Johan Oviedo,STL,62.1,61,51,37,0,0,4.91,22487
Humberto Castellanos,ARI,45.2,48,29,15,2,0,4.93,21183
Keynan Middleton,SEA,31,30,24,19,1,4,4.94,15264
Andrew Wantz,LAA,27.1,23,38,11,1,0,4.94,24933
Ryan Borucki,TOR,23.2,18,21,11,3,0,4.94,16350
Triston McKenzie,CLE,120,84,136,58,5,0,4.95,18000
J.D. Hammer,PHI,20,21,22,11,1,0,4.95,19548
Reiss Knehr,SDP,29,23,20,20,1,0,4.97,21541
Cristopher Sanchez,PHI,12.2,16,13,7,1,0,4.97,20778
Taylor Clarke,ARI,43.1,52,39,14,1,0,4.98,17611
Cody Poteet,MIA,30.2,25,32,16,2,0,4.99,18769
Joe Smith,- - -,39.2,47,34,8,4,0,4.99,3281
Kyle Zimmer,KCR,54,46,46,30,4,2,5,14169
Nick Mears,PIT,23.1,25,23,13,1,0,5.01,25376
Josh Osich,CIN,14.1,15,9,5,2,1,5.02,11528
Braxton Garrett,MIA,34,42,32,20,1,0,5.03,21844
Andre Scrubb,HOU,19.2,15,21,14,1,0,5.03,20329
Bruce Zimmermann,BAL,64.1,75,56,22,4,0,5.04,20370
Cam Bedrosian,- - -,25,27,23,17,0,0,5.04,13360
Mike Minor,KCR,158.2,156,149,41,8,0,5.05,10021
Michael Wacha,TBR,124.2,132,121,31,3,0,5.05,14078
Nick Wittgren,CLE,62.1,61,61,17,2,1,5.05,15594
Joakim Soria,- - -,37.1,39,40,12,1,6,5.06,6941
Keone Kela,SDP,10.2,11,13,3,2,0,5.06,14696
Alec Mills,CHC,119,137,87,34,6,1,5.07,13834
Chris Paddack,SDP,108.1,115,99,22,7,0,5.07,20099
Derek Holland,DET,49.2,58,51,20,3,0,5.07,4141
Josh Fleming,TBR,104.1,110,65,31,10,1,5.09,20418
Ryan Yarbrough,TBR,155,163,117,27,9,0,5.11,16502
Demarcus Evans,TEX,26.1,24,33,16,0,0,5.13,21087
Austin Davis,- - -,26.1,24,28,12,1,0,5.13,17117
Patrick Murphy,- - -,28,31,29,10,0,0,5.14,19712
Jordan Lyles,TEX,180,194,146,56,10,0,5.15,7593
Albert Abreu,NYY,36.2,27,35,19,2,1,5.15,17485
Sean Poppen,- - -,22.2,31,26,9,1,1,5.16,19583
Tanner Scott,BAL,54,48,70,37,5,0,5.17,17586
Daniel Bard,COL,65.2,69,80,36,7,20,5.21,7115
Matt Andriese,- - -,48.1,65,50,13,2,1,5.21,12022
Dan Winkler,CHC,39.2,32,40,30,1,0,5.22,12237
Sean Reid-Foley,NYM,20.2,22,26,9,2,0,5.23,17034
Jakob Junis,KCR,39.1,43,41,12,2,0,5.26,13619
Rex Brothers,CHC,53,41,75,35,3,1,5.26,9794
Kohl Stewart,CHC,13.2,17,11,6,1,0,5.27,15502
Dallas Keuchel,CHW,162,189,95,59,9,0,5.28,9434
Justin Wilson,- - -,34,32,29,16,1,0,5.29,4301
Ryan Weathers,SDP,94.2,101,72,30,4,1,5.32,23796
Austin Voth,WSN,57.1,57,59,28,4,0,5.34,15047
Eli Morgan,CLE,89.1,90,81,22,5,0,5.34,20203
Bryse Wilson,- - -,74,85,46,22,3,0,5.35,19990
JT Brubaker,PIT,124.1,123,129,38,5,0,5.36,17578
Brad Keller,KCR,133.2,158,120,64,8,0,5.39,15734
Zack Burdi,- - -,10,13,7,5,0,0,5.4,19159
Burch Smith,OAK,43.1,49,28,11,1,0,5.4,12784
Hoby Milner,MIL,21.2,30,30,3,0,0,5.4,13346
Yennsy Diaz,NYM,25,25,21,12,0,0,5.4,20218
Jordan Hicks,STL,10,5,10,10,0,0,5.4,19618
Kolby Allard,TEX,124.2,128,104,31,3,0,5.41,18694
Mike Foltynewicz,TEX,139,139,97,36,2,0,5.44,10811
Brandon Workman,- - -,28,36,25,21,1,0,5.46,11428
Erick Fedde,WSN,133.1,144,128,48,7,0,5.47,17425
Josiah Gray,- - -,70.2,63,76,33,2,0,5.48,24580
Wil Crowe,PIT,116.2,126,111,57,4,0,5.48,19800
Mike Wright Jr.,CHW,18,17,11,11,0,0,5.5,12586
Jake Faria,ARI,32.2,39,32,13,0,0,5.51,13699
Alex Claudio,LAA,32.2,37,30,15,1,1,5.51,12890
Ryan Sherriff,TBR,14.2,14,16,9,0,1,5.52,12249
Sam Long,SFG,40.2,37,38,15,2,0,5.53,25379
David Peterson,NYM,66.2,64,69,29,2,0,5.54,20302
Kyle Barraclough,MIN,13,12,18,8,2,0,5.54,13713
Ben Rowen,LAA,11.1,12,8,2,0,0,5.56,10983
Gabe Klobosits,WSN,11.1,13,5,5,0,0,5.56,19881
Michael Lorenzen,CIN,29,26,21,14,1,4,5.59,14843
Heath Hembree,- - -,58,45,83,24,2,9,5.59,11632
Evan Marshall,CHW,27.1,28,26,9,0,0,5.6,12297
Sam Howard,PIT,45,34,60,32,3,0,5.6,16265
Sam Clay,WSN,45,55,34,22,0,0,5.6,16279
Griffin Canning,LAA,62.2,65,62,28,5,0,5.6,19867
Hyeon-jong Yang,TEX,35.1,42,25,16,0,0,5.6,27513
Fernando Abad,BAL,17.2,23,10,7,0,0,5.6,4994
Anthony Kay,TOR,33.2,38,39,18,1,0,5.61,20387
Bailey Falter,PHI,33.2,34,34,6,2,0,5.61,20070
Rafael Dolis,TOR,32,29,39,27,2,3,5.63,4185
Tyler Chatwood,- - -,32,26,38,21,1,1,5.63,4338
Junior Fernandez,STL,20.2,25,15,15,1,0,5.66,18496
Nate Jones,- - -,19,16,14,12,0,0,5.68,4696
Daniel Lynch,KCR,68,80,55,31,4,0,5.69,21537
Erasmo Ramirez,DET,26.2,24,20,5,1,0,5.74,10314
Bryan Abreu,HOU,36,35,36,18,3,1,5.75,16609
Nick Ramirez,SDP,20.1,23,14,7,1,0,5.75,12575
Sam Selman,- - -,25,20,19,12,0,0,5.76,13397
Chase De Jong,PIT,43.2,49,39,19,1,0,5.77,15036
Zach Davies,CHC,148,162,114,75,6,0,5.78,13183
Travis Lakins,BAL,28,23,24,17,1,0,5.79,18600
J.A. Happ,- - -,152.1,177,122,48,10,0,5.79,7410
Matt Manning,DET,85.1,96,57,33,4,0,5.8,20369
Edward Cabrera,MIA,26.1,24,28,19,0,0,5.81,21690
Jose Urena,DET,100.2,119,67,42,4,0,5.81,11589
Patrick Corbin,WSN,171.2,192,143,60,9,0,5.82,9323
Andrew Heaney,- - -,129.2,130,150,41,8,0,5.83,15423
Phillips Valdez,BOS,40,35,35,19,2,1,5.85,15605
Steven Brault,PIT,27.2,33,19,12,0,0,5.86,15291
Paul Blackburn,OAK,38.1,52,26,10,1,0,5.87,14739
Cesar Valdez,BAL,46,62,45,14,2,8,5.87,9013
Zack Britton,NYY,18.1,17,16,14,0,1,5.89,3240
John Brebbia,SFG,18.1,25,22,4,0,0,5.89,12777
Jason Adam,CHC,10.2,10,19,6,1,0,5.91,11861
Jefry Rodriguez,WSN,24.1,25,20,17,0,0,5.92,17018
Charlie Barnes,MIN,38,46,20,16,0,0,5.92,19865
Joe Jimenez,DET,45.1,34,57,35,6,1,5.96,15761
Ryan Hendrix,CIN,31.2,33,35,16,5,0,5.97,19535
Matt Foster,CHW,39,43,40,13,2,1,6,19647
Riley Smith,ARI,67.1,86,36,15,1,1,6.01,19826
Carlos Carrasco,NYM,53.2,59,50,18,1,0,6.04,6632
Amir Garrett,CIN,47.2,46,61,29,0,7,6.04,14375
Dylan Bundy,LAA,90.2,89,84,34,2,0,6.06,12917
Junior Guerra,LAA,65.1,67,61,46,5,0,6.06,5702
Jorge Lopez,BAL,121.2,142,112,56,3,0,6.07,14527
A.J. Puk,OAK,13.1,18,16,6,0,0,6.08,19343
Paul Fry,BAL,47.1,37,60,35,4,2,6.08,15832
Manuel Rodriguez,CHC,17.2,18,16,12,3,1,6.11,20794
Sal Romano,- - -,25,31,17,11,0,0,6.12,13690
Daniel Norris,- - -,57,55,58,30,2,1,6.16,13475
Justin Miller,- - -,19,20,13,6,1,1,6.16,8580
Mitch Keller,PIT,100.2,131,92,49,5,0,6.17,17594
Will Vest,SEA,35,38,27,18,1,0,6.17,19769
Daniel Ponce de Leon,STL,33.1,32,24,22,1,2,6.21,16110
Carlos Martinez,STL,82.1,77,57,36,4,0,6.23,11682
Jimmy Lambert,CHW,13,16,10,6,1,0,6.23,19541
Grant Dayton,ATL,13,15,14,6,0,0,6.23,11203
Tyler Zuber,KCR,27.1,26,25,17,0,0,6.26,20379
Logan Allen,CLE,50.1,58,37,17,2,0,6.26,18555
Matt Harvey,BAL,127.2,160,95,37,6,0,6.27,11713
Reymin Guduan,OAK,14.1,19,5,5,0,0,6.28,13058
Jacob Barnes,- - -,28.2,31,33,11,1,2,6.28,12323
Max Kranick,PIT,38.2,47,32,19,2,0,6.28,22175
Matt Moore,PHI,73,78,63,38,2,0,6.29,1890
Vince Velasquez,- - -,94.1,91,101,49,3,0,6.3,11189
Brad Brach,CIN,30,30,33,18,1,1,6.3,6627
Wander Suero,WSN,42.2,45,44,15,2,0,6.33,15855
Scott Kazmir,SFG,11.1,15,10,6,0,0,6.35,4897
Packy Naughton,LAA,22.2,27,12,14,0,0,6.35,23292
Kevin Ginkel,ARI,28.1,30,31,14,0,0,6.35,19876
Angel Perdomo,MIL,17,12,28,16,1,0,6.35,17759
Griffin Jax,MIN,82,82,65,29,4,0,6.37,20253
Enyel De Los Santos,- - -,35.1,43,48,18,2,0,6.37,18403
Buck Farmer,DET,35.1,40,37,21,0,0,6.37,14814
Brandon Kintzler,PHI,29.2,45,22,8,2,0,6.37,9939
Cionel Perez,CIN,24,21,25,20,1,0,6.38,19614
Rafael Montero,- - -,49.1,59,42,17,5,7,6.39,12760
David Hale,PHI,26.2,30,21,9,0,0,6.41,9756
Paul Campbell,MIA,26.2,32,26,10,2,0,6.41,22248
Tommy Milone,TOR,14,20,17,3,1,1,6.43,7608
Jose Quintana,- - -,63,74,85,35,0,0,6.43,11423
Chi Chi Gonzalez,COL,101.2,127,56,28,3,0,6.46,14663
Kyle Keller,PIT,33.1,30,36,22,1,0,6.48,18890
Ben Bowden,COL,35.2,44,42,21,3,0,6.56,20198
Trevor Cahill,PIT,37,42,32,14,1,0,6.57,6249
Josh Tomlin,ATL,49.1,69,37,5,4,0,6.57,9388
Yoan Lopez,ARI,12.1,18,13,6,0,0,6.57,17181
Alex Young,- - -,52,65,43,27,2,0,6.58,18333
Austin Brice,BOS,13.2,14,12,7,0,0,6.59,17237
T.J. Zeuch,TOR,15,21,8,9,0,0,6.6,19269
Jesus Luzardo,- - -,95.1,106,98,48,6,0,6.61,19959
Ryan Buchter,ARI,16.1,16,16,13,0,0,6.61,9456
Keegan Akin,BAL,95,110,82,40,2,0,6.63,19362
Kohei Arihara,TEX,40.2,45,24,13,2,0,6.64,27505
Edwin Uceta,LAD,20.1,19,25,12,0,0,6.64,20539
Carson Fulmer,CIN,25.2,26,24,13,0,0,6.66,18311
Zac Lowther,BAL,29.2,36,30,13,1,0,6.67,20243
Sam Hentges,CLE,68.2,90,68,32,1,0,6.68,18548
Adam Plutko,BAL,56.1,65,44,27,1,1,6.71,15846
Alex Wells,BAL,42.2,53,26,16,2,0,6.75,19845
Cory Abbott,CHC,17.1,20,12,11,0,0,6.75,20277
Eric Yardley,MIL,18.2,24,5,10,0,0,6.75,15538
Chase Anderson,PHI,48,51,35,20,2,0,6.75,6895
Wade Davis,KCR,42.2,44,38,19,0,2,6.75,7441
Shawn Armstrong,- - -,36,39,44,15,1,0,6.75,12857
Kyle Ryan,CHC,13.1,17,8,6,0,1,6.75,11753
Justus Sheffield,SEA,80.1,105,63,43,7,0,6.83,17285
Cody Stashak,MIN,15.2,16,26,10,0,0,6.89,18088
Aaron Slegers,LAA,31,43,25,15,2,0,6.97,15231
Eric Hanhold,BAL,10.1,13,6,3,0,0,6.97,18332
Michael Rucker,CHC,28.1,32,30,11,0,1,6.99,19454
Cody Ponce,PIT,38.1,56,36,11,0,0,7.04,17920
Conner Greene,- - -,25.1,32,26,12,1,0,7.11,16455
Thomas Eshelman,BAL,27.2,34,11,10,0,0,7.16,18361
Michael Feliz,- - -,20,26,22,7,0,1,7.2,11903
Tommy Nance,CHC,28.2,25,30,13,1,0,7.22,19178
Shane Greene,- - -,23.2,25,24,14,0,1,7.23,10756
Humberto Mejia,ARI,22.1,32,20,9,0,0,7.25,20739
Stefan Crichton,ARI,23.1,33,17,12,0,4,7.33,16058
Robert Dugger,SEA,25.2,34,19,12,0,0,7.36,19191
Jake Arrieta,- - -,98.2,131,83,44,5,0,7.39,4153
Tanner Rainey,WSN,31.2,29,42,25,1,3,7.39,17610
Reid Detmers,LAA,20.2,26,19,11,1,0,7.4,27468
Spencer Howard,- - -,49.2,53,52,27,0,0,7.43,23252
Dean Kremer,BAL,53.2,63,47,25,0,0,7.55,19350
Bryan Garcia,DET,39.1,48,32,25,3,2,7.55,19457
Yency Almonte,COL,47.2,47,47,29,1,0,7.55,15068
Brett De Geus,- - -,50,62,41,25,3,0,7.56,23592
Andrew Albers,MIN,19,24,12,9,1,0,7.58,7853
Randy Dobnak,MIN,50.2,66,27,12,1,1,7.64,23798
J.B. Bukauskas,ARI,17.1,24,14,7,2,0,7.79,20491
Kyle Cody,TEX,11.1,16,14,2,0,0,7.94,19686
Ljay Newsome,SEA,14.2,20,16,3,1,0,7.98,19942
Matt Shoemaker,MIN,60.1,73,40,27,3,0,8.06,4776
Spenser Watkins,BAL,54.2,74,35,19,2,0,8.07,17489
Nick Margevicius,SEA,12,13,12,7,0,0,8.25,20395
JC Mejia,CLE,52.1,60,47,24,1,0,8.25,20617
Jose De Leon,CIN,18.1,22,33,11,0,0,8.35,15463
Trevor Megill,CHC,23.2,36,30,8,1,0,8.37,17722
Miguel Yajure,PIT,15,17,11,7,0,0,8.4,21111
Jesse Biddle,ATL,10.2,10,11,8,0,0,8.44,11437
Alberto Baldonado,WSN,10.2,10,12,7,0,0,8.44,11812
Shaun Anderson,- - -,23.1,36,19,12,0,0,8.49,19453
Justin Lawrence,COL,16.2,21,17,19,1,0,8.64,17639
Jerad Eickhoff,NYM,19.2,30,13,10,0,0,8.69,12664
Wes Benjamin,TEX,22.2,29,19,17,0,0,8.74,19243
Nick Nelson,NYY,14.1,15,22,16,0,0,8.79,20153
Luis Oviedo,PIT,29.2,33,31,26,1,0,8.8,21728
Luis Madero,MIA,12,13,4,8,0,0,9,20399
Seth Frankoff,ARI,14.2,20,11,9,0,0,9.2,11346
Shelby Miller,- - -,12.2,16,8,11,0,0,9.24,10197
Glenn Otto,TEX,23.1,32,28,8,0,0,9.26,21366
Sean Guenther,MIA,20.1,31,15,10,0,0,9.3,20045
Anthony Swarzak,- - -,12.1,20,9,1,0,0,9.49,7466
Shawn Morimando,MIA,10.1,18,9,5,0,0,9.58,13606
Josh Lindblom,MIL,16.2,23,17,10,0,0,9.72,7882
David Hess,- - -,20,32,18,11,2,0,9.9,16130
Mike Baumann,BAL,10,13,5,6,1,0,9.9,20206
Jake Jewell,CHC,10,18,10,5,0,0,9.9,16958
Wyatt Mills,SEA,12.2,19,11,7,0,0,9.95,20010
Corbin Martin,ARI,16,23,13,14,0,0,10.69,19884
Jackson Kowar,KCR,30.1,43,29,20,0,0,11.27,21549
Konner Wade,BAL,12.1,23,11,5,0,0,11.68,14655
Edgar Garcia,- - -,14.2,19,12,8,0,0,12.27,19276
Jon Duplantier,ARI,13,19,12,8,0,0,13.15,19546
Tyler Webb,STL,16.1,22,14,19,0,0,13.22,14974
Alec Bettinger,MIL,10,18,5,3,0,0,13.5,20312
Beau Burrows,- - -,11,16,8,10,0,0,13.91,18873
Brooks Kriske,- - -,11.1,17,11,6,2,0,14.29,21189
